,average_treated,average_control,ATE
0,5.666666666666667,5.533333333333333,0.13333333333333375
1,5.666666666666667,4.266666666666667,1.4000000000000004
2,5.666666666666667,3.1333333333333333,2.5333333333333337
3,5.666666666666667,4.133333333333334,1.5333333333333332
4,5.666666666666667,4.2,1.4666666666666668
5,5.666666666666667,4.733333333333333,0.9333333333333336
6,5.666666666666667,3.466666666666667,2.2
7,5.666666666666667,4.4,1.2666666666666666
8,5.666666666666667,4.066666666666666,1.6000000000000005
9,5.666666666666667,4.266666666666667,1.4000000000000004
10,5.666666666666667,4.466666666666667,1.2000000000000002
11,5.666666666666667,4.2,1.4666666666666668
12,5.666666666666667,3.533333333333333,2.1333333333333337
13,5.666666666666667,4.466666666666667,1.2000000000000002
14,5.666666666666667,4.466666666666667,1.2000000000000002
15,5.666666666666667,4.4,1.2666666666666666
16,5.666666666666667,4.8,0.8666666666666671
17,5.666666666666667,4.2,1.4666666666666668
18,5.666666666666667,3.7333333333333334,1.9333333333333336
19,5.666666666666667,3.7333333333333334,1.9333333333333336
20,5.666666666666667,3.533333333333333,2.1333333333333337
21,5.666666666666667,4.4,1.2666666666666666
22,5.666666666666667,4.333333333333333,1.333333333333334
23,5.666666666666667,4.133333333333334,1.5333333333333332
24,5.666666666666667,3.4,2.266666666666667
25,5.666666666666667,4.466666666666667,1.2000000000000002
26,5.666666666666667,4.6,1.0666666666666673
27,5.666666666666667,3.6666666666666665,2.0000000000000004
28,5.666666666666667,4.266666666666667,1.4000000000000004
29,5.666666666666667,5.0,0.666666666666667
30,5.666666666666667,3.533333333333333,2.1333333333333337
31,5.666666666666667,5.466666666666667,0.20000000000000018
32,5.666666666666667,3.2666666666666666,2.4000000000000004
33,5.666666666666667,4.066666666666666,1.6000000000000005
34,5.666666666666667,4.8,0.8666666666666671
35,5.666666666666667,3.933333333333333,1.7333333333333338
36,5.666666666666667,4.133333333333334,1.5333333333333332
37,5.666666666666667,4.333333333333333,1.333333333333334
38,5.666666666666667,3.7333333333333334,1.9333333333333336
39,5.666666666666667,4.333333333333333,1.333333333333334
40,5.666666666666667,4.0,1.666666666666667
41,5.666666666666667,4.133333333333334,1.5333333333333332
42,5.666666666666667,4.333333333333333,1.333333333333334
43,5.666666666666667,3.8666666666666667,1.8000000000000003
44,5.666666666666667,3.8666666666666667,1.8000000000000003
45,5.666666666666667,3.8,1.8666666666666671
46,5.666666666666667,4.0,1.666666666666667
47,5.666666666666667,4.266666666666667,1.4000000000000004
48,5.666666666666667,4.733333333333333,0.9333333333333336
49,5.666666666666667,3.7333333333333334,1.9333333333333336
50,5.666666666666667,3.1333333333333333,2.5333333333333337
51,5.666666666666667,4.866666666666666,0.8000000000000007
52,5.666666666666667,3.0,2.666666666666667
53,5.666666666666667,4.266666666666667,1.4000000000000004
54,5.666666666666667,3.8666666666666667,1.8000000000000003
55,5.666666666666667,3.3333333333333335,2.3333333333333335
56,5.666666666666667,4.133333333333334,1.5333333333333332
57,5.666666666666667,4.133333333333334,1.5333333333333332
58,5.666666666666667,4.4,1.2666666666666666
59,5.666666666666667,4.333333333333333,1.333333333333334
60,5.666666666666667,3.6666666666666665,2.0000000000000004
61,5.666666666666667,3.1333333333333333,2.5333333333333337
62,5.666666666666667,4.4,1.2666666666666666
63,5.666666666666667,4.133333333333334,1.5333333333333332
64,5.666666666666667,4.2,1.4666666666666668
65,5.666666666666667,5.2,0.4666666666666668
66,5.666666666666667,3.066666666666667,2.6
67,5.666666666666667,4.666666666666667,1.0
68,5.666666666666667,4.0,1.666666666666667
69,5.666666666666667,3.933333333333333,1.7333333333333338
70,5.666666666666667,4.0,1.666666666666667
71,5.666666666666667,5.266666666666667,0.40000000000000036
72,5.666666666666667,3.6,2.066666666666667
73,5.666666666666667,3.4,2.266666666666667
74,5.666666666666667,4.2,1.4666666666666668
75,5.666666666666667,4.133333333333334,1.5333333333333332
76,5.666666666666667,3.1333333333333333,2.5333333333333337
77,5.666666666666667,3.6,2.066666666666667
78,5.666666666666667,4.533333333333333,1.1333333333333337
79,5.666666666666667,5.0,0.666666666666667
80,5.666666666666667,4.066666666666666,1.6000000000000005
81,5.666666666666667,3.6,2.066666666666667
82,5.666666666666667,3.2666666666666666,2.4000000000000004
83,5.666666666666667,3.8,1.8666666666666671
84,5.666666666666667,3.3333333333333335,2.3333333333333335
85,5.666666666666667,4.8,0.8666666666666671
86,5.666666666666667,4.066666666666666,1.6000000000000005
87,5.666666666666667,4.066666666666666,1.6000000000000005
88,5.666666666666667,3.8,1.8666666666666671
89,5.666666666666667,4.133333333333334,1.5333333333333332
90,5.666666666666667,3.933333333333333,1.7333333333333338
91,5.666666666666667,4.866666666666666,0.8000000000000007
92,5.666666666666667,4.0,1.666666666666667
93,5.666666666666667,4.333333333333333,1.333333333333334
94,5.666666666666667,4.266666666666667,1.4000000000000004
95,5.666666666666667,4.2,1.4666666666666668
96,5.666666666666667,4.733333333333333,0.9333333333333336
97,5.666666666666667,4.0,1.666666666666667
98,5.666666666666667,3.466666666666667,2.2
99,5.666666666666667,3.8666666666666667,1.8000000000000003
100,5.666666666666667,4.333333333333333,1.333333333333334
101,5.666666666666667,4.466666666666667,1.2000000000000002
102,5.666666666666667,4.333333333333333,1.333333333333334
103,5.666666666666667,4.6,1.0666666666666673
104,5.666666666666667,6.066666666666666,-0.39999999999999947
105,5.666666666666667,4.4,1.2666666666666666
106,5.666666666666667,3.6,2.066666666666667
107,5.666666666666667,4.533333333333333,1.1333333333333337
108,5.666666666666667,3.7333333333333334,1.9333333333333336
109,5.666666666666667,3.533333333333333,2.1333333333333337
110,5.666666666666667,4.0,1.666666666666667
111,5.666666666666667,4.133333333333334,1.5333333333333332
112,5.666666666666667,3.7333333333333334,1.9333333333333336
113,5.666666666666667,4.266666666666667,1.4000000000000004
114,5.666666666666667,4.266666666666667,1.4000000000000004
115,5.666666666666667,4.666666666666667,1.0
116,5.666666666666667,3.4,2.266666666666667
117,5.666666666666667,4.4,1.2666666666666666
118,5.666666666666667,4.2,1.4666666666666668
119,5.666666666666667,4.533333333333333,1.1333333333333337
120,5.666666666666667,5.066666666666666,0.6000000000000005
121,5.666666666666667,4.4,1.2666666666666666
122,5.666666666666667,5.0,0.666666666666667
123,5.666666666666667,2.8666666666666667,2.8000000000000003
124,5.666666666666667,3.933333333333333,1.7333333333333338
125,5.666666666666667,3.933333333333333,1.7333333333333338
126,5.666666666666667,3.7333333333333334,1.9333333333333336
127,5.666666666666667,3.8,1.8666666666666671
128,5.666666666666667,4.2,1.4666666666666668
129,5.666666666666667,3.4,2.266666666666667
130,5.666666666666667,4.066666666666666,1.6000000000000005
131,5.666666666666667,3.066666666666667,2.6
132,5.666666666666667,4.066666666666666,1.6000000000000005
133,5.666666666666667,3.7333333333333334,1.9333333333333336
134,5.666666666666667,3.6666666666666665,2.0000000000000004
135,5.666666666666667,4.2,1.4666666666666668
136,5.666666666666667,4.466666666666667,1.2000000000000002
137,5.666666666666667,3.2,2.466666666666667
138,5.666666666666667,4.266666666666667,1.4000000000000004
139,5.666666666666667,4.4,1.2666666666666666
140,5.666666666666667,4.466666666666667,1.2000000000000002
141,5.666666666666667,4.333333333333333,1.333333333333334
142,5.666666666666667,4.8,0.8666666666666671
143,5.666666666666667,3.4,2.266666666666667
144,5.666666666666667,3.466666666666667,2.2
145,5.666666666666667,3.8666666666666667,1.8000000000000003
146,5.666666666666667,3.6666666666666665,2.0000000000000004
147,5.666666666666667,4.133333333333334,1.5333333333333332
148,5.666666666666667,5.266666666666667,0.40000000000000036
149,5.666666666666667,3.933333333333333,1.7333333333333338
150,5.666666666666667,4.666666666666667,1.0
151,5.666666666666667,4.2,1.4666666666666668
152,5.666666666666667,3.2,2.466666666666667
153,5.666666666666667,5.266666666666667,0.40000000000000036
154,5.666666666666667,3.8666666666666667,1.8000000000000003
155,5.666666666666667,3.933333333333333,1.7333333333333338
156,5.666666666666667,4.6,1.0666666666666673
157,5.666666666666667,4.066666666666666,1.6000000000000005
158,5.666666666666667,4.733333333333333,0.9333333333333336
159,5.666666666666667,5.0,0.666666666666667
160,5.666666666666667,3.6666666666666665,2.0000000000000004
161,5.666666666666667,4.4,1.2666666666666666
162,5.666666666666667,3.533333333333333,2.1333333333333337
163,5.666666666666667,3.6666666666666665,2.0000000000000004
164,5.666666666666667,4.2,1.4666666666666668
165,5.666666666666667,4.466666666666667,1.2000000000000002
166,5.666666666666667,4.133333333333334,1.5333333333333332
167,5.666666666666667,3.6,2.066666666666667
168,5.666666666666667,4.866666666666666,0.8000000000000007
169,5.666666666666667,4.2,1.4666666666666668
170,5.666666666666667,3.933333333333333,1.7333333333333338
171,5.666666666666667,5.2,0.4666666666666668
172,5.666666666666667,3.6666666666666665,2.0000000000000004
173,5.666666666666667,3.3333333333333335,2.3333333333333335
174,5.666666666666667,3.4,2.266666666666667
175,5.666666666666667,3.6,2.066666666666667
176,5.666666666666667,3.2,2.466666666666667
177,5.666666666666667,4.466666666666667,1.2000000000000002
178,5.666666666666667,4.666666666666667,1.0
179,5.666666666666667,3.1333333333333333,2.5333333333333337
180,5.666666666666667,4.8,0.8666666666666671
181,5.666666666666667,4.333333333333333,1.333333333333334
182,5.666666666666667,4.6,1.0666666666666673
183,5.666666666666667,4.6,1.0666666666666673
184,5.666666666666667,5.2,0.4666666666666668
185,5.666666666666667,5.133333333333334,0.5333333333333332
186,5.666666666666667,3.066666666666667,2.6
187,5.666666666666667,4.266666666666667,1.4000000000000004
188,5.666666666666667,4.733333333333333,0.9333333333333336
189,5.666666666666667,3.2,2.466666666666667
190,5.666666666666667,4.266666666666667,1.4000000000000004
191,5.666666666666667,4.666666666666667,1.0
192,5.666666666666667,5.066666666666666,0.6000000000000005
193,5.666666666666667,4.0,1.666666666666667
194,5.666666666666667,4.333333333333333,1.333333333333334
195,5.666666666666667,4.133333333333334,1.5333333333333332
196,5.666666666666667,3.2,2.466666666666667
197,5.666666666666667,4.2,1.4666666666666668
198,5.666666666666667,3.1333333333333333,2.5333333333333337
199,5.666666666666667,4.133333333333334,1.5333333333333332
200,5.666666666666667,4.466666666666667,1.2000000000000002
201,5.666666666666667,3.533333333333333,2.1333333333333337
202,5.666666666666667,4.266666666666667,1.4000000000000004
203,5.666666666666667,5.066666666666666,0.6000000000000005
204,5.666666666666667,4.466666666666667,1.2000000000000002
205,5.666666666666667,4.466666666666667,1.2000000000000002
206,5.666666666666667,4.466666666666667,1.2000000000000002
207,5.666666666666667,4.466666666666667,1.2000000000000002
208,5.666666666666667,4.133333333333334,1.5333333333333332
209,5.666666666666667,5.0,0.666666666666667
210,5.666666666666667,4.2,1.4666666666666668
211,5.666666666666667,4.066666666666666,1.6000000000000005
212,5.666666666666667,4.6,1.0666666666666673
213,5.666666666666667,5.133333333333334,0.5333333333333332
214,5.666666666666667,4.666666666666667,1.0
215,5.666666666666667,4.066666666666666,1.6000000000000005
216,5.666666666666667,4.6,1.0666666666666673
217,5.666666666666667,3.3333333333333335,2.3333333333333335
218,5.666666666666667,3.6666666666666665,2.0000000000000004
219,5.666666666666667,4.0,1.666666666666667
220,5.666666666666667,4.333333333333333,1.333333333333334
221,5.666666666666667,4.333333333333333,1.333333333333334
222,5.666666666666667,3.8,1.8666666666666671
223,5.666666666666667,4.133333333333334,1.5333333333333332
224,5.666666666666667,3.6,2.066666666666667
225,5.666666666666667,4.4,1.2666666666666666
226,5.666666666666667,3.8,1.8666666666666671
227,5.666666666666667,4.466666666666667,1.2000000000000002
228,5.666666666666667,5.066666666666666,0.6000000000000005
229,5.666666666666667,4.0,1.666666666666667
230,5.666666666666667,4.2,1.4666666666666668
231,5.666666666666667,4.4,1.2666666666666666
232,5.666666666666667,4.133333333333334,1.5333333333333332
233,5.666666666666667,4.133333333333334,1.5333333333333332
234,5.666666666666667,3.533333333333333,2.1333333333333337
235,5.666666666666667,4.133333333333334,1.5333333333333332
236,5.666666666666667,3.8,1.8666666666666671
237,5.666666666666667,3.8,1.8666666666666671
238,5.666666666666667,4.533333333333333,1.1333333333333337
239,5.666666666666667,4.466666666666667,1.2000000000000002
240,5.666666666666667,4.133333333333334,1.5333333333333332
241,5.666666666666667,4.133333333333334,1.5333333333333332
242,5.666666666666667,4.2,1.4666666666666668
243,5.666666666666667,4.866666666666666,0.8000000000000007
244,5.666666666666667,3.7333333333333334,1.9333333333333336
245,5.666666666666667,4.0,1.666666666666667
246,5.666666666666667,4.866666666666666,0.8000000000000007
247,5.666666666666667,3.8,1.8666666666666671
248,5.666666666666667,4.066666666666666,1.6000000000000005
249,5.666666666666667,3.933333333333333,1.7333333333333338
250,5.666666666666667,3.6,2.066666666666667
251,5.666666666666667,3.8,1.8666666666666671
252,5.666666666666667,4.866666666666666,0.8000000000000007
253,5.666666666666667,4.866666666666666,0.8000000000000007
254,5.666666666666667,4.666666666666667,1.0
255,5.666666666666667,4.866666666666666,0.8000000000000007
256,5.666666666666667,4.866666666666666,0.8000000000000007
257,5.666666666666667,4.466666666666667,1.2000000000000002
258,5.666666666666667,3.6,2.066666666666667
259,5.666666666666667,4.0,1.666666666666667
260,5.666666666666667,3.466666666666667,2.2
261,5.666666666666667,4.733333333333333,0.9333333333333336
262,5.666666666666667,4.266666666666667,1.4000000000000004
263,5.666666666666667,4.133333333333334,1.5333333333333332
264,5.666666666666667,3.8,1.8666666666666671
265,5.666666666666667,3.8666666666666667,1.8000000000000003
266,5.666666666666667,3.7333333333333334,1.9333333333333336
267,5.666666666666667,3.7333333333333334,1.9333333333333336
268,5.666666666666667,2.8666666666666667,2.8000000000000003
269,5.666666666666667,3.933333333333333,1.7333333333333338
270,5.666666666666667,4.333333333333333,1.333333333333334
271,5.666666666666667,4.6,1.0666666666666673
272,5.666666666666667,3.533333333333333,2.1333333333333337
273,5.666666666666667,3.933333333333333,1.7333333333333338
274,5.666666666666667,4.2,1.4666666666666668
275,5.666666666666667,3.8,1.8666666666666671
276,5.666666666666667,4.733333333333333,0.9333333333333336
277,5.666666666666667,4.133333333333334,1.5333333333333332
278,5.666666666666667,3.7333333333333334,1.9333333333333336
279,5.666666666666667,3.466666666666667,2.2
280,5.666666666666667,3.8666666666666667,1.8000000000000003
281,5.666666666666667,5.066666666666666,0.6000000000000005
282,5.666666666666667,4.666666666666667,1.0
283,5.666666666666667,4.933333333333334,0.7333333333333334
284,5.666666666666667,4.133333333333334,1.5333333333333332
285,5.666666666666667,4.466666666666667,1.2000000000000002
286,5.666666666666667,3.7333333333333334,1.9333333333333336
287,5.666666666666667,4.066666666666666,1.6000000000000005
288,5.666666666666667,4.4,1.2666666666666666
289,5.666666666666667,3.0,2.666666666666667
290,5.666666666666667,4.2,1.4666666666666668
291,5.666666666666667,4.266666666666667,1.4000000000000004
292,5.666666666666667,4.666666666666667,1.0
293,5.666666666666667,4.2,1.4666666666666668
294,5.666666666666667,3.6,2.066666666666667
295,5.666666666666667,3.8,1.8666666666666671
296,5.666666666666667,3.6,2.066666666666667
297,5.666666666666667,3.0,2.666666666666667
298,5.666666666666667,4.266666666666667,1.4000000000000004
299,5.666666666666667,3.933333333333333,1.7333333333333338
300,5.666666666666667,3.8,1.8666666666666671
301,5.666666666666667,4.2,1.4666666666666668
302,5.666666666666667,3.466666666666667,2.2
303,5.666666666666667,4.666666666666667,1.0
304,5.666666666666667,3.7333333333333334,1.9333333333333336
305,5.666666666666667,4.266666666666667,1.4000000000000004
306,5.666666666666667,5.066666666666666,0.6000000000000005
307,5.666666666666667,3.8,1.8666666666666671
308,5.666666666666667,4.6,1.0666666666666673
309,5.666666666666667,4.533333333333333,1.1333333333333337
310,5.666666666666667,4.6,1.0666666666666673
311,5.666666666666667,3.6666666666666665,2.0000000000000004
312,5.666666666666667,4.2,1.4666666666666668
313,5.666666666666667,4.266666666666667,1.4000000000000004
314,5.666666666666667,4.066666666666666,1.6000000000000005
315,5.666666666666667,4.533333333333333,1.1333333333333337
316,5.666666666666667,3.6666666666666665,2.0000000000000004
317,5.666666666666667,3.933333333333333,1.7333333333333338
318,5.666666666666667,3.8666666666666667,1.8000000000000003
319,5.666666666666667,4.266666666666667,1.4000000000000004
320,5.666666666666667,3.7333333333333334,1.9333333333333336
321,5.666666666666667,3.6666666666666665,2.0000000000000004
322,5.666666666666667,4.533333333333333,1.1333333333333337
323,5.666666666666667,3.7333333333333334,1.9333333333333336
324,5.666666666666667,2.6,3.066666666666667
325,5.666666666666667,4.666666666666667,1.0
326,5.666666666666667,4.2,1.4666666666666668
327,5.666666666666667,5.2,0.4666666666666668
328,5.666666666666667,3.933333333333333,1.7333333333333338
329,5.666666666666667,4.266666666666667,1.4000000000000004
330,5.666666666666667,4.466666666666667,1.2000000000000002
331,5.666666666666667,3.533333333333333,2.1333333333333337
332,5.666666666666667,3.8666666666666667,1.8000000000000003
333,5.666666666666667,4.6,1.0666666666666673
334,5.666666666666667,4.266666666666667,1.4000000000000004
335,5.666666666666667,4.4,1.2666666666666666
336,5.666666666666667,4.333333333333333,1.333333333333334
337,5.666666666666667,3.8,1.8666666666666671
338,5.666666666666667,3.0,2.666666666666667
339,5.666666666666667,3.466666666666667,2.2
340,5.666666666666667,4.6,1.0666666666666673
341,5.666666666666667,3.8666666666666667,1.8000000000000003
342,5.666666666666667,4.4,1.2666666666666666
343,5.666666666666667,3.533333333333333,2.1333333333333337
344,5.666666666666667,4.266666666666667,1.4000000000000004
345,5.666666666666667,3.533333333333333,2.1333333333333337
346,5.666666666666667,4.266666666666667,1.4000000000000004
347,5.666666666666667,4.4,1.2666666666666666
348,5.666666666666667,4.4,1.2666666666666666
349,5.666666666666667,4.133333333333334,1.5333333333333332
350,5.666666666666667,4.066666666666666,1.6000000000000005
351,5.666666666666667,3.8666666666666667,1.8000000000000003
352,5.666666666666667,3.8,1.8666666666666671
353,5.666666666666667,4.6,1.0666666666666673
354,5.666666666666667,4.0,1.666666666666667
355,5.666666666666667,4.4,1.2666666666666666
356,5.666666666666667,3.6,2.066666666666667
357,5.666666666666667,3.933333333333333,1.7333333333333338
358,5.666666666666667,4.066666666666666,1.6000000000000005
359,5.666666666666667,4.0,1.666666666666667
360,5.666666666666667,4.533333333333333,1.1333333333333337
361,5.666666666666667,4.6,1.0666666666666673
362,5.666666666666667,3.933333333333333,1.7333333333333338
363,5.666666666666667,4.4,1.2666666666666666
364,5.666666666666667,4.333333333333333,1.333333333333334
365,5.666666666666667,3.933333333333333,1.7333333333333338
366,5.666666666666667,4.2,1.4666666666666668
367,5.666666666666667,4.533333333333333,1.1333333333333337
368,5.666666666666667,4.533333333333333,1.1333333333333337
369,5.666666666666667,4.533333333333333,1.1333333333333337
370,5.666666666666667,4.533333333333333,1.1333333333333337
371,5.666666666666667,4.466666666666667,1.2000000000000002
372,5.666666666666667,3.533333333333333,2.1333333333333337
373,5.666666666666667,3.0,2.666666666666667
374,5.666666666666667,4.933333333333334,0.7333333333333334
375,5.666666666666667,4.8,0.8666666666666671
376,5.666666666666667,3.6666666666666665,2.0000000000000004
377,5.666666666666667,3.8666666666666667,1.8000000000000003
378,5.666666666666667,3.6666666666666665,2.0000000000000004
379,5.666666666666667,4.8,0.8666666666666671
380,5.666666666666667,4.4,1.2666666666666666
381,5.666666666666667,4.266666666666667,1.4000000000000004
382,5.666666666666667,4.133333333333334,1.5333333333333332
383,5.666666666666667,3.6,2.066666666666667
384,5.666666666666667,5.0,0.666666666666667
385,5.666666666666667,3.2,2.466666666666667
386,5.666666666666667,3.8666666666666667,1.8000000000000003
387,5.666666666666667,4.066666666666666,1.6000000000000005
388,5.666666666666667,3.7333333333333334,1.9333333333333336
389,5.666666666666667,4.133333333333334,1.5333333333333332
390,5.666666666666667,4.733333333333333,0.9333333333333336
391,5.666666666666667,4.466666666666667,1.2000000000000002
392,5.666666666666667,3.4,2.266666666666667
393,5.666666666666667,4.066666666666666,1.6000000000000005
394,5.666666666666667,4.266666666666667,1.4000000000000004
395,5.666666666666667,4.933333333333334,0.7333333333333334
396,5.666666666666667,4.533333333333333,1.1333333333333337
397,5.666666666666667,4.333333333333333,1.333333333333334
398,5.666666666666667,3.6666666666666665,2.0000000000000004
399,5.666666666666667,4.266666666666667,1.4000000000000004
400,5.666666666666667,2.8666666666666667,2.8000000000000003
401,5.666666666666667,3.6666666666666665,2.0000000000000004
402,5.666666666666667,4.2,1.4666666666666668
403,5.666666666666667,5.0,0.666666666666667
404,5.666666666666667,4.333333333333333,1.333333333333334
405,5.666666666666667,4.733333333333333,0.9333333333333336
406,5.666666666666667,3.8,1.8666666666666671
407,5.666666666666667,4.533333333333333,1.1333333333333337
408,5.666666666666667,5.266666666666667,0.40000000000000036
409,5.666666666666667,4.0,1.666666666666667
410,5.666666666666667,4.0,1.666666666666667
411,5.666666666666667,4.066666666666666,1.6000000000000005
412,5.666666666666667,4.066666666666666,1.6000000000000005
413,5.666666666666667,4.0,1.666666666666667
414,5.666666666666667,3.533333333333333,2.1333333333333337
415,5.666666666666667,5.4,0.2666666666666666
416,5.666666666666667,3.7333333333333334,1.9333333333333336
417,5.666666666666667,3.933333333333333,1.7333333333333338
418,5.666666666666667,3.533333333333333,2.1333333333333337
419,5.666666666666667,4.333333333333333,1.333333333333334
420,5.666666666666667,4.866666666666666,0.8000000000000007
421,5.666666666666667,3.3333333333333335,2.3333333333333335
422,5.666666666666667,3.8666666666666667,1.8000000000000003
423,5.666666666666667,4.4,1.2666666666666666
424,5.666666666666667,3.533333333333333,2.1333333333333337
425,5.666666666666667,3.466666666666667,2.2
426,5.666666666666667,5.0,0.666666666666667
427,5.666666666666667,4.8,0.8666666666666671
428,5.666666666666667,4.933333333333334,0.7333333333333334
429,5.666666666666667,4.0,1.666666666666667
430,5.666666666666667,4.4,1.2666666666666666
431,5.666666666666667,4.4,1.2666666666666666
432,5.666666666666667,3.8666666666666667,1.8000000000000003
433,5.666666666666667,4.6,1.0666666666666673
434,5.666666666666667,3.0,2.666666666666667
435,5.666666666666667,3.466666666666667,2.2
436,5.666666666666667,4.6,1.0666666666666673
437,5.666666666666667,3.8666666666666667,1.8000000000000003
438,5.666666666666667,4.0,1.666666666666667
439,5.666666666666667,3.533333333333333,2.1333333333333337
440,5.666666666666667,3.1333333333333333,2.5333333333333337
441,5.666666666666667,3.4,2.266666666666667
442,5.666666666666667,5.0,0.666666666666667
443,5.666666666666667,3.533333333333333,2.1333333333333337
444,5.666666666666667,5.2,0.4666666666666668
445,5.666666666666667,3.533333333333333,2.1333333333333337
446,5.666666666666667,4.533333333333333,1.1333333333333337
447,5.666666666666667,3.7333333333333334,1.9333333333333336
448,5.666666666666667,4.133333333333334,1.5333333333333332
449,5.666666666666667,4.133333333333334,1.5333333333333332
450,5.666666666666667,4.666666666666667,1.0
451,5.666666666666667,4.066666666666666,1.6000000000000005
452,5.666666666666667,3.6,2.066666666666667
453,5.666666666666667,3.8666666666666667,1.8000000000000003
454,5.666666666666667,3.4,2.266666666666667
455,5.666666666666667,4.466666666666667,1.2000000000000002
456,5.666666666666667,5.0,0.666666666666667
457,5.666666666666667,4.466666666666667,1.2000000000000002
458,5.666666666666667,4.733333333333333,0.9333333333333336
459,5.666666666666667,3.466666666666667,2.2
460,5.666666666666667,3.1333333333333333,2.5333333333333337
461,5.666666666666667,4.466666666666667,1.2000000000000002
462,5.666666666666667,3.8,1.8666666666666671
463,5.666666666666667,4.733333333333333,0.9333333333333336
464,5.666666666666667,3.533333333333333,2.1333333333333337
465,5.666666666666667,4.2,1.4666666666666668
466,5.666666666666667,4.4,1.2666666666666666
467,5.666666666666667,4.8,0.8666666666666671
468,5.666666666666667,4.133333333333334,1.5333333333333332
469,5.666666666666667,3.933333333333333,1.7333333333333338
470,5.666666666666667,4.466666666666667,1.2000000000000002
471,5.666666666666667,3.8,1.8666666666666671
472,5.666666666666667,4.4,1.2666666666666666
473,5.666666666666667,3.933333333333333,1.7333333333333338
474,5.666666666666667,5.2,0.4666666666666668
475,5.666666666666667,3.8,1.8666666666666671
476,5.666666666666667,5.0,0.666666666666667
477,5.666666666666667,4.333333333333333,1.333333333333334
478,5.666666666666667,3.8666666666666667,1.8000000000000003
479,5.666666666666667,4.0,1.666666666666667
480,5.666666666666667,4.2,1.4666666666666668
481,5.666666666666667,5.0,0.666666666666667
482,5.666666666666667,3.2,2.466666666666667
483,5.666666666666667,4.533333333333333,1.1333333333333337
484,5.666666666666667,3.6,2.066666666666667
485,5.666666666666667,4.533333333333333,1.1333333333333337
486,5.666666666666667,3.6666666666666665,2.0000000000000004
487,5.666666666666667,3.6666666666666665,2.0000000000000004
488,5.666666666666667,4.0,1.666666666666667
489,5.666666666666667,4.733333333333333,0.9333333333333336
490,5.666666666666667,3.466666666666667,2.2
491,5.666666666666667,4.2,1.4666666666666668
492,5.666666666666667,3.2666666666666666,2.4000000000000004
493,5.666666666666667,4.6,1.0666666666666673
494,5.666666666666667,4.6,1.0666666666666673
495,5.666666666666667,3.066666666666667,2.6
496,5.666666666666667,3.6666666666666665,2.0000000000000004
497,5.666666666666667,4.866666666666666,0.8000000000000007
498,5.666666666666667,4.266666666666667,1.4000000000000004
499,5.666666666666667,3.8,1.8666666666666671
500,5.666666666666667,4.2,1.4666666666666668
501,5.666666666666667,3.0,2.666666666666667
502,5.666666666666667,2.933333333333333,2.733333333333334
503,5.666666666666667,3.8666666666666667,1.8000000000000003
504,5.666666666666667,4.533333333333333,1.1333333333333337
505,5.666666666666667,4.4,1.2666666666666666
506,5.666666666666667,3.933333333333333,1.7333333333333338
507,5.666666666666667,4.0,1.666666666666667
508,5.666666666666667,4.533333333333333,1.1333333333333337
509,5.666666666666667,3.8,1.8666666666666671
510,5.666666666666667,4.6,1.0666666666666673
511,5.666666666666667,4.466666666666667,1.2000000000000002
512,5.666666666666667,4.133333333333334,1.5333333333333332
513,5.666666666666667,5.2,0.4666666666666668
514,5.666666666666667,4.333333333333333,1.333333333333334
515,5.666666666666667,3.8666666666666667,1.8000000000000003
516,5.666666666666667,4.133333333333334,1.5333333333333332
517,5.666666666666667,3.466666666666667,2.2
518,5.666666666666667,3.6666666666666665,2.0000000000000004
519,5.666666666666667,4.6,1.0666666666666673
520,5.666666666666667,3.6,2.066666666666667
521,5.666666666666667,4.266666666666667,1.4000000000000004
522,5.666666666666667,4.2,1.4666666666666668
523,5.666666666666667,3.933333333333333,1.7333333333333338
524,5.666666666666667,3.1333333333333333,2.5333333333333337
525,5.666666666666667,5.066666666666666,0.6000000000000005
526,5.666666666666667,4.8,0.8666666666666671
527,5.666666666666667,4.266666666666667,1.4000000000000004
528,5.666666666666667,4.8,0.8666666666666671
529,5.666666666666667,4.333333333333333,1.333333333333334
530,5.666666666666667,5.2,0.4666666666666668
531,5.666666666666667,4.066666666666666,1.6000000000000005
532,5.666666666666667,4.8,0.8666666666666671
533,5.666666666666667,4.333333333333333,1.333333333333334
534,5.666666666666667,3.4,2.266666666666667
535,5.666666666666667,3.8666666666666667,1.8000000000000003
536,5.666666666666667,3.8666666666666667,1.8000000000000003
537,5.666666666666667,4.866666666666666,0.8000000000000007
538,5.666666666666667,3.533333333333333,2.1333333333333337
539,5.666666666666667,4.466666666666667,1.2000000000000002
540,5.666666666666667,4.2,1.4666666666666668
541,5.666666666666667,3.7333333333333334,1.9333333333333336
542,5.666666666666667,4.2,1.4666666666666668
543,5.666666666666667,4.2,1.4666666666666668
544,5.666666666666667,3.7333333333333334,1.9333333333333336
545,5.666666666666667,3.6,2.066666666666667
546,5.666666666666667,4.266666666666667,1.4000000000000004
547,5.666666666666667,4.466666666666667,1.2000000000000002
548,5.666666666666667,3.8666666666666667,1.8000000000000003
549,5.666666666666667,3.1333333333333333,2.5333333333333337
550,5.666666666666667,3.8666666666666667,1.8000000000000003
551,5.666666666666667,3.8666666666666667,1.8000000000000003
552,5.666666666666667,4.0,1.666666666666667
553,5.666666666666667,3.4,2.266666666666667
554,5.666666666666667,4.4,1.2666666666666666
555,5.666666666666667,4.733333333333333,0.9333333333333336
556,5.666666666666667,3.7333333333333334,1.9333333333333336
557,5.666666666666667,3.7333333333333334,1.9333333333333336
558,5.666666666666667,4.0,1.666666666666667
559,5.666666666666667,4.4,1.2666666666666666
560,5.666666666666667,4.666666666666667,1.0
561,5.666666666666667,4.133333333333334,1.5333333333333332
562,5.666666666666667,3.4,2.266666666666667
563,5.666666666666667,4.266666666666667,1.4000000000000004
564,5.666666666666667,4.266666666666667,1.4000000000000004
565,5.666666666666667,5.066666666666666,0.6000000000000005
566,5.666666666666667,4.4,1.2666666666666666
567,5.666666666666667,3.8666666666666667,1.8000000000000003
568,5.666666666666667,4.266666666666667,1.4000000000000004
569,5.666666666666667,4.4,1.2666666666666666
570,5.666666666666667,3.8666666666666667,1.8000000000000003
571,5.666666666666667,4.4,1.2666666666666666
572,5.666666666666667,3.6666666666666665,2.0000000000000004
573,5.666666666666667,3.8,1.8666666666666671
574,5.666666666666667,3.7333333333333334,1.9333333333333336
575,5.666666666666667,4.066666666666666,1.6000000000000005
576,5.666666666666667,4.2,1.4666666666666668
577,5.666666666666667,4.066666666666666,1.6000000000000005
578,5.666666666666667,3.6666666666666665,2.0000000000000004
579,5.666666666666667,3.4,2.266666666666667
580,5.666666666666667,3.6,2.066666666666667
581,5.666666666666667,2.7333333333333334,2.9333333333333336
582,5.666666666666667,4.0,1.666666666666667
583,5.666666666666667,5.666666666666667,0.0
584,5.666666666666667,3.7333333333333334,1.9333333333333336
585,5.666666666666667,4.266666666666667,1.4000000000000004
586,5.666666666666667,4.533333333333333,1.1333333333333337
587,5.666666666666667,3.6,2.066666666666667
588,5.666666666666667,3.6,2.066666666666667
589,5.666666666666667,4.2,1.4666666666666668
590,5.666666666666667,4.466666666666667,1.2000000000000002
591,5.666666666666667,2.533333333333333,3.1333333333333337
592,5.666666666666667,5.133333333333334,0.5333333333333332
593,5.666666666666667,4.6,1.0666666666666673
594,5.666666666666667,4.066666666666666,1.6000000000000005
595,5.666666666666667,4.2,1.4666666666666668
596,5.666666666666667,3.6,2.066666666666667
597,5.666666666666667,3.6,2.066666666666667
598,5.666666666666667,4.466666666666667,1.2000000000000002
599,5.666666666666667,5.333333333333333,0.3333333333333339
600,5.666666666666667,4.933333333333334,0.7333333333333334
601,5.666666666666667,4.6,1.0666666666666673
602,5.666666666666667,3.8666666666666667,1.8000000000000003
603,5.666666666666667,4.0,1.666666666666667
604,5.666666666666667,4.0,1.666666666666667
605,5.666666666666667,3.6666666666666665,2.0000000000000004
606,5.666666666666667,4.266666666666667,1.4000000000000004
607,5.666666666666667,4.6,1.0666666666666673
608,5.666666666666667,3.4,2.266666666666667
609,5.666666666666667,4.6,1.0666666666666673
610,5.666666666666667,4.533333333333333,1.1333333333333337
611,5.666666666666667,4.466666666666667,1.2000000000000002
612,5.666666666666667,5.4,0.2666666666666666
613,5.666666666666667,3.6,2.066666666666667
614,5.666666666666667,4.533333333333333,1.1333333333333337
615,5.666666666666667,3.066666666666667,2.6
616,5.666666666666667,3.6,2.066666666666667
617,5.666666666666667,3.533333333333333,2.1333333333333337
618,5.666666666666667,4.0,1.666666666666667
619,5.666666666666667,3.6666666666666665,2.0000000000000004
620,5.666666666666667,4.733333333333333,0.9333333333333336
621,5.666666666666667,4.066666666666666,1.6000000000000005
622,5.666666666666667,4.533333333333333,1.1333333333333337
623,5.666666666666667,3.8666666666666667,1.8000000000000003
624,5.666666666666667,4.133333333333334,1.5333333333333332
625,5.666666666666667,3.2,2.466666666666667
626,5.666666666666667,4.266666666666667,1.4000000000000004
627,5.666666666666667,3.933333333333333,1.7333333333333338
628,5.666666666666667,4.866666666666666,0.8000000000000007
629,5.666666666666667,4.333333333333333,1.333333333333334
630,5.666666666666667,4.666666666666667,1.0
631,5.666666666666667,4.333333333333333,1.333333333333334
632,5.666666666666667,4.333333333333333,1.333333333333334
633,5.666666666666667,4.8,0.8666666666666671
634,5.666666666666667,3.533333333333333,2.1333333333333337
635,5.666666666666667,4.466666666666667,1.2000000000000002
636,5.666666666666667,4.133333333333334,1.5333333333333332
637,5.666666666666667,3.0,2.666666666666667
638,5.666666666666667,3.533333333333333,2.1333333333333337
639,5.666666666666667,5.4,0.2666666666666666
640,5.666666666666667,4.866666666666666,0.8000000000000007
641,5.666666666666667,5.0,0.666666666666667
642,5.666666666666667,4.533333333333333,1.1333333333333337
643,5.666666666666667,4.333333333333333,1.333333333333334
644,5.666666666666667,3.466666666666667,2.2
645,5.666666666666667,4.2,1.4666666666666668
646,5.666666666666667,4.666666666666667,1.0
647,5.666666666666667,3.8,1.8666666666666671
648,5.666666666666667,4.533333333333333,1.1333333333333337
649,5.666666666666667,3.4,2.266666666666667
650,5.666666666666667,3.4,2.266666666666667
651,5.666666666666667,4.2,1.4666666666666668
652,5.666666666666667,4.666666666666667,1.0
653,5.666666666666667,4.133333333333334,1.5333333333333332
654,5.666666666666667,4.333333333333333,1.333333333333334
655,5.666666666666667,3.8,1.8666666666666671
656,5.666666666666667,4.733333333333333,0.9333333333333336
657,5.666666666666667,4.0,1.666666666666667
658,5.666666666666667,4.4,1.2666666666666666
659,5.666666666666667,4.533333333333333,1.1333333333333337
660,5.666666666666667,4.6,1.0666666666666673
661,5.666666666666667,4.2,1.4666666666666668
662,5.666666666666667,3.1333333333333333,2.5333333333333337
663,5.666666666666667,3.933333333333333,1.7333333333333338
664,5.666666666666667,3.4,2.266666666666667
665,5.666666666666667,4.466666666666667,1.2000000000000002
666,5.666666666666667,5.2,0.4666666666666668
667,5.666666666666667,3.6666666666666665,2.0000000000000004
668,5.666666666666667,4.266666666666667,1.4000000000000004
669,5.666666666666667,4.533333333333333,1.1333333333333337
670,5.666666666666667,4.066666666666666,1.6000000000000005
671,5.666666666666667,4.8,0.8666666666666671
672,5.666666666666667,3.933333333333333,1.7333333333333338
673,5.666666666666667,4.466666666666667,1.2000000000000002
674,5.666666666666667,4.4,1.2666666666666666
675,5.666666666666667,3.7333333333333334,1.9333333333333336
676,5.666666666666667,4.8,0.8666666666666671
677,5.666666666666667,3.8,1.8666666666666671
678,5.666666666666667,3.7333333333333334,1.9333333333333336
679,5.666666666666667,4.333333333333333,1.333333333333334
680,5.666666666666667,3.8,1.8666666666666671
681,5.666666666666667,4.066666666666666,1.6000000000000005
682,5.666666666666667,5.2,0.4666666666666668
683,5.666666666666667,4.733333333333333,0.9333333333333336
684,5.666666666666667,3.6,2.066666666666667
685,5.666666666666667,3.066666666666667,2.6
686,5.666666666666667,2.8666666666666667,2.8000000000000003
687,5.666666666666667,4.133333333333334,1.5333333333333332
688,5.666666666666667,3.533333333333333,2.1333333333333337
689,5.666666666666667,4.533333333333333,1.1333333333333337
690,5.666666666666667,3.3333333333333335,2.3333333333333335
691,5.666666666666667,4.133333333333334,1.5333333333333332
692,5.666666666666667,4.4,1.2666666666666666
693,5.666666666666667,3.533333333333333,2.1333333333333337
694,5.666666666666667,3.4,2.266666666666667
695,5.666666666666667,3.533333333333333,2.1333333333333337
696,5.666666666666667,4.066666666666666,1.6000000000000005
697,5.666666666666667,5.0,0.666666666666667
698,5.666666666666667,3.533333333333333,2.1333333333333337
699,5.666666666666667,3.7333333333333334,1.9333333333333336
700,5.666666666666667,3.8666666666666667,1.8000000000000003
701,5.666666666666667,3.7333333333333334,1.9333333333333336
702,5.666666666666667,3.8666666666666667,1.8000000000000003
703,5.666666666666667,3.2666666666666666,2.4000000000000004
704,5.666666666666667,3.933333333333333,1.7333333333333338
705,5.666666666666667,4.666666666666667,1.0
706,5.666666666666667,4.533333333333333,1.1333333333333337
707,5.666666666666667,4.733333333333333,0.9333333333333336
708,5.666666666666667,3.8,1.8666666666666671
709,5.666666666666667,4.4,1.2666666666666666
710,5.666666666666667,4.4,1.2666666666666666
711,5.666666666666667,3.3333333333333335,2.3333333333333335
712,5.666666666666667,4.733333333333333,0.9333333333333336
713,5.666666666666667,3.933333333333333,1.7333333333333338
714,5.666666666666667,3.7333333333333334,1.9333333333333336
715,5.666666666666667,3.8,1.8666666666666671
716,5.666666666666667,3.933333333333333,1.7333333333333338
717,5.666666666666667,4.866666666666666,0.8000000000000007
718,5.666666666666667,4.466666666666667,1.2000000000000002
719,5.666666666666667,4.133333333333334,1.5333333333333332
720,5.666666666666667,4.733333333333333,0.9333333333333336
721,5.666666666666667,4.133333333333334,1.5333333333333332
722,5.666666666666667,3.8666666666666667,1.8000000000000003
723,5.666666666666667,4.133333333333334,1.5333333333333332
724,5.666666666666667,3.8,1.8666666666666671
725,5.666666666666667,3.7333333333333334,1.9333333333333336
726,5.666666666666667,3.8,1.8666666666666671
727,5.666666666666667,4.666666666666667,1.0
728,5.666666666666667,4.533333333333333,1.1333333333333337
729,5.666666666666667,3.466666666666667,2.2
730,5.666666666666667,4.2,1.4666666666666668
731,5.666666666666667,4.0,1.666666666666667
732,5.666666666666667,4.2,1.4666666666666668
733,5.666666666666667,3.6666666666666665,2.0000000000000004
734,5.666666666666667,3.6666666666666665,2.0000000000000004
735,5.666666666666667,4.533333333333333,1.1333333333333337
736,5.666666666666667,3.533333333333333,2.1333333333333337
737,5.666666666666667,4.533333333333333,1.1333333333333337
738,5.666666666666667,3.8666666666666667,1.8000000000000003
739,5.666666666666667,4.533333333333333,1.1333333333333337
740,5.666666666666667,4.533333333333333,1.1333333333333337
741,5.666666666666667,4.733333333333333,0.9333333333333336
742,5.666666666666667,4.266666666666667,1.4000000000000004
743,5.666666666666667,4.466666666666667,1.2000000000000002
744,5.666666666666667,4.333333333333333,1.333333333333334
745,5.666666666666667,4.8,0.8666666666666671
746,5.666666666666667,3.533333333333333,2.1333333333333337
747,5.666666666666667,3.8,1.8666666666666671
748,5.666666666666667,4.2,1.4666666666666668
749,5.666666666666667,4.133333333333334,1.5333333333333332
750,5.666666666666667,3.8666666666666667,1.8000000000000003
751,5.666666666666667,3.7333333333333334,1.9333333333333336
752,5.666666666666667,3.6666666666666665,2.0000000000000004
753,5.666666666666667,4.533333333333333,1.1333333333333337
754,5.666666666666667,4.333333333333333,1.333333333333334
755,5.666666666666667,3.7333333333333334,1.9333333333333336
756,5.666666666666667,4.866666666666666,0.8000000000000007
757,5.666666666666667,4.6,1.0666666666666673
758,5.666666666666667,4.533333333333333,1.1333333333333337
759,5.666666666666667,4.2,1.4666666666666668
760,5.666666666666667,2.8666666666666667,2.8000000000000003
761,5.666666666666667,3.066666666666667,2.6
762,5.666666666666667,4.733333333333333,0.9333333333333336
763,5.666666666666667,5.133333333333334,0.5333333333333332
764,5.666666666666667,4.066666666666666,1.6000000000000005
765,5.666666666666667,3.8,1.8666666666666671
766,5.666666666666667,4.2,1.4666666666666668
767,5.666666666666667,4.266666666666667,1.4000000000000004
768,5.666666666666667,3.6,2.066666666666667
769,5.666666666666667,4.733333333333333,0.9333333333333336
770,5.666666666666667,4.0,1.666666666666667
771,5.666666666666667,4.0,1.666666666666667
772,5.666666666666667,3.533333333333333,2.1333333333333337
773,5.666666666666667,4.2,1.4666666666666668
774,5.666666666666667,4.466666666666667,1.2000000000000002
775,5.666666666666667,3.6666666666666665,2.0000000000000004
776,5.666666666666667,4.466666666666667,1.2000000000000002
777,5.666666666666667,3.8,1.8666666666666671
778,5.666666666666667,4.266666666666667,1.4000000000000004
779,5.666666666666667,3.933333333333333,1.7333333333333338
780,5.666666666666667,4.2,1.4666666666666668
781,5.666666666666667,3.6666666666666665,2.0000000000000004
782,5.666666666666667,3.7333333333333334,1.9333333333333336
783,5.666666666666667,4.533333333333333,1.1333333333333337
784,5.666666666666667,3.8,1.8666666666666671
785,5.666666666666667,3.933333333333333,1.7333333333333338
786,5.666666666666667,3.533333333333333,2.1333333333333337
787,5.666666666666667,4.2,1.4666666666666668
788,5.666666666666667,3.8666666666666667,1.8000000000000003
789,5.666666666666667,4.333333333333333,1.333333333333334
790,5.666666666666667,5.466666666666667,0.20000000000000018
791,5.666666666666667,4.666666666666667,1.0
792,5.666666666666667,3.6,2.066666666666667
793,5.666666666666667,4.333333333333333,1.333333333333334
794,5.666666666666667,4.066666666666666,1.6000000000000005
795,5.666666666666667,4.133333333333334,1.5333333333333332
796,5.666666666666667,2.933333333333333,2.733333333333334
797,5.666666666666667,5.533333333333333,0.13333333333333375
798,5.666666666666667,4.6,1.0666666666666673
799,5.666666666666667,3.466666666666667,2.2
800,5.666666666666667,3.8,1.8666666666666671
801,5.666666666666667,4.266666666666667,1.4000000000000004
802,5.666666666666667,3.8,1.8666666666666671
803,5.666666666666667,4.0,1.666666666666667
804,5.666666666666667,4.933333333333334,0.7333333333333334
805,5.666666666666667,3.6,2.066666666666667
806,5.666666666666667,4.133333333333334,1.5333333333333332
807,5.666666666666667,4.666666666666667,1.0
808,5.666666666666667,4.0,1.666666666666667
809,5.666666666666667,4.466666666666667,1.2000000000000002
810,5.666666666666667,4.333333333333333,1.333333333333334
811,5.666666666666667,3.4,2.266666666666667
812,5.666666666666667,4.8,0.8666666666666671
813,5.666666666666667,3.8666666666666667,1.8000000000000003
814,5.666666666666667,4.466666666666667,1.2000000000000002
815,5.666666666666667,3.8,1.8666666666666671
816,5.666666666666667,4.733333333333333,0.9333333333333336
817,5.666666666666667,3.933333333333333,1.7333333333333338
818,5.666666666666667,4.466666666666667,1.2000000000000002
819,5.666666666666667,4.0,1.666666666666667
820,5.666666666666667,3.6,2.066666666666667
821,5.666666666666667,3.2,2.466666666666667
822,5.666666666666667,3.466666666666667,2.2
823,5.666666666666667,2.8666666666666667,2.8000000000000003
824,5.666666666666667,3.933333333333333,1.7333333333333338
825,5.666666666666667,4.533333333333333,1.1333333333333337
826,5.666666666666667,3.8666666666666667,1.8000000000000003
827,5.666666666666667,3.8,1.8666666666666671
828,5.666666666666667,4.533333333333333,1.1333333333333337
829,5.666666666666667,4.266666666666667,1.4000000000000004
830,5.666666666666667,4.133333333333334,1.5333333333333332
831,5.666666666666667,4.4,1.2666666666666666
832,5.666666666666667,2.6666666666666665,3.0000000000000004
833,5.666666666666667,4.133333333333334,1.5333333333333332
834,5.666666666666667,3.6,2.066666666666667
835,5.666666666666667,4.466666666666667,1.2000000000000002
836,5.666666666666667,4.266666666666667,1.4000000000000004
837,5.666666666666667,4.266666666666667,1.4000000000000004
838,5.666666666666667,3.4,2.266666666666667
839,5.666666666666667,5.0,0.666666666666667
840,5.666666666666667,4.333333333333333,1.333333333333334
841,5.666666666666667,4.4,1.2666666666666666
842,5.666666666666667,4.4,1.2666666666666666
843,5.666666666666667,3.7333333333333334,1.9333333333333336
844,5.666666666666667,4.533333333333333,1.1333333333333337
845,5.666666666666667,4.066666666666666,1.6000000000000005
846,5.666666666666667,5.133333333333334,0.5333333333333332
847,5.666666666666667,3.933333333333333,1.7333333333333338
848,5.666666666666667,4.0,1.666666666666667
849,5.666666666666667,4.066666666666666,1.6000000000000005
850,5.666666666666667,3.2666666666666666,2.4000000000000004
851,5.666666666666667,4.733333333333333,0.9333333333333336
852,5.666666666666667,3.6666666666666665,2.0000000000000004
853,5.666666666666667,4.0,1.666666666666667
854,5.666666666666667,4.4,1.2666666666666666
855,5.666666666666667,3.6666666666666665,2.0000000000000004
856,5.666666666666667,3.6,2.066666666666667
857,5.666666666666667,3.8666666666666667,1.8000000000000003
858,5.666666666666667,5.0,0.666666666666667
859,5.666666666666667,5.0,0.666666666666667
860,5.666666666666667,4.2,1.4666666666666668
861,5.666666666666667,3.2666666666666666,2.4000000000000004
862,5.666666666666667,4.8,0.8666666666666671
863,5.666666666666667,3.8666666666666667,1.8000000000000003
864,5.666666666666667,4.266666666666667,1.4000000000000004
865,5.666666666666667,3.466666666666667,2.2
866,5.666666666666667,4.066666666666666,1.6000000000000005
867,5.666666666666667,3.933333333333333,1.7333333333333338
868,5.666666666666667,4.066666666666666,1.6000000000000005
869,5.666666666666667,4.066666666666666,1.6000000000000005
870,5.666666666666667,4.266666666666667,1.4000000000000004
871,5.666666666666667,4.266666666666667,1.4000000000000004
872,5.666666666666667,3.8666666666666667,1.8000000000000003
873,5.666666666666667,3.4,2.266666666666667
874,5.666666666666667,3.933333333333333,1.7333333333333338
875,5.666666666666667,4.066666666666666,1.6000000000000005
876,5.666666666666667,4.866666666666666,0.8000000000000007
877,5.666666666666667,3.2,2.466666666666667
878,5.666666666666667,2.8666666666666667,2.8000000000000003
879,5.666666666666667,4.0,1.666666666666667
880,5.666666666666667,4.2,1.4666666666666668
881,5.666666666666667,3.8666666666666667,1.8000000000000003
882,5.666666666666667,4.6,1.0666666666666673
883,5.666666666666667,4.133333333333334,1.5333333333333332
884,5.666666666666667,4.266666666666667,1.4000000000000004
885,5.666666666666667,4.4,1.2666666666666666
886,5.666666666666667,3.8,1.8666666666666671
887,5.666666666666667,4.066666666666666,1.6000000000000005
888,5.666666666666667,4.066666666666666,1.6000000000000005
889,5.666666666666667,4.066666666666666,1.6000000000000005
890,5.666666666666667,3.6666666666666665,2.0000000000000004
891,5.666666666666667,4.0,1.666666666666667
892,5.666666666666667,4.066666666666666,1.6000000000000005
893,5.666666666666667,5.133333333333334,0.5333333333333332
894,5.666666666666667,4.466666666666667,1.2000000000000002
895,5.666666666666667,4.266666666666667,1.4000000000000004
896,5.666666666666667,4.2,1.4666666666666668
897,5.666666666666667,4.533333333333333,1.1333333333333337
898,5.666666666666667,4.2,1.4666666666666668
899,5.666666666666667,2.7333333333333334,2.9333333333333336
900,5.666666666666667,4.466666666666667,1.2000000000000002
901,5.666666666666667,3.4,2.266666666666667
902,5.666666666666667,4.133333333333334,1.5333333333333332
903,5.666666666666667,3.8,1.8666666666666671
904,5.666666666666667,4.6,1.0666666666666673
905,5.666666666666667,4.2,1.4666666666666668
906,5.666666666666667,4.066666666666666,1.6000000000000005
907,5.666666666666667,4.933333333333334,0.7333333333333334
908,5.666666666666667,3.3333333333333335,2.3333333333333335
909,5.666666666666667,4.466666666666667,1.2000000000000002
910,5.666666666666667,3.6666666666666665,2.0000000000000004
911,5.666666666666667,4.2,1.4666666666666668
912,5.666666666666667,4.2,1.4666666666666668
913,5.666666666666667,3.6666666666666665,2.0000000000000004
914,5.666666666666667,3.8,1.8666666666666671
915,5.666666666666667,3.6666666666666665,2.0000000000000004
916,5.666666666666667,3.466666666666667,2.2
917,5.666666666666667,3.533333333333333,2.1333333333333337
918,5.666666666666667,3.7333333333333334,1.9333333333333336
919,5.666666666666667,5.266666666666667,0.40000000000000036
920,5.666666666666667,3.6666666666666665,2.0000000000000004
921,5.666666666666667,2.7333333333333334,2.9333333333333336
922,5.666666666666667,3.6666666666666665,2.0000000000000004
923,5.666666666666667,4.266666666666667,1.4000000000000004
924,5.666666666666667,4.133333333333334,1.5333333333333332
925,5.666666666666667,4.6,1.0666666666666673
926,5.666666666666667,3.933333333333333,1.7333333333333338
927,5.666666666666667,4.666666666666667,1.0
928,5.666666666666667,4.933333333333334,0.7333333333333334
929,5.666666666666667,3.533333333333333,2.1333333333333337
930,5.666666666666667,3.2666666666666666,2.4000000000000004
931,5.666666666666667,4.733333333333333,0.9333333333333336
932,5.666666666666667,3.933333333333333,1.7333333333333338
933,5.666666666666667,4.733333333333333,0.9333333333333336
934,5.666666666666667,4.133333333333334,1.5333333333333332
935,5.666666666666667,3.933333333333333,1.7333333333333338
936,5.666666666666667,3.6666666666666665,2.0000000000000004
937,5.666666666666667,4.4,1.2666666666666666
938,5.666666666666667,4.8,0.8666666666666671
939,5.666666666666667,3.8,1.8666666666666671
940,5.666666666666667,4.133333333333334,1.5333333333333332
941,5.666666666666667,4.466666666666667,1.2000000000000002
942,5.666666666666667,4.133333333333334,1.5333333333333332
943,5.666666666666667,4.066666666666666,1.6000000000000005
944,5.666666666666667,3.6666666666666665,2.0000000000000004
945,5.666666666666667,3.8666666666666667,1.8000000000000003
946,5.666666666666667,3.1333333333333333,2.5333333333333337
947,5.666666666666667,4.6,1.0666666666666673
948,5.666666666666667,4.066666666666666,1.6000000000000005
949,5.666666666666667,4.333333333333333,1.333333333333334
950,5.666666666666667,5.066666666666666,0.6000000000000005
951,5.666666666666667,4.8,0.8666666666666671
952,5.666666666666667,4.8,0.8666666666666671
953,5.666666666666667,2.8,2.866666666666667
954,5.666666666666667,3.2,2.466666666666667
955,5.666666666666667,4.133333333333334,1.5333333333333332
956,5.666666666666667,4.933333333333334,0.7333333333333334
957,5.666666666666667,3.6666666666666665,2.0000000000000004
958,5.666666666666667,4.466666666666667,1.2000000000000002
959,5.666666666666667,4.2,1.4666666666666668
960,5.666666666666667,3.3333333333333335,2.3333333333333335
961,5.666666666666667,3.533333333333333,2.1333333333333337
962,5.666666666666667,4.466666666666667,1.2000000000000002
963,5.666666666666667,3.8666666666666667,1.8000000000000003
964,5.666666666666667,3.533333333333333,2.1333333333333337
965,5.666666666666667,4.4,1.2666666666666666
966,5.666666666666667,4.0,1.666666666666667
967,5.666666666666667,3.933333333333333,1.7333333333333338
968,5.666666666666667,3.0,2.666666666666667
969,5.666666666666667,3.933333333333333,1.7333333333333338
970,5.666666666666667,3.933333333333333,1.7333333333333338
971,5.666666666666667,4.466666666666667,1.2000000000000002
972,5.666666666666667,3.933333333333333,1.7333333333333338
973,5.666666666666667,4.8,0.8666666666666671
974,5.666666666666667,4.933333333333334,0.7333333333333334
975,5.666666666666667,3.8,1.8666666666666671
976,5.666666666666667,3.8666666666666667,1.8000000000000003
977,5.666666666666667,4.066666666666666,1.6000000000000005
978,5.666666666666667,3.533333333333333,2.1333333333333337
979,5.666666666666667,4.666666666666667,1.0
980,5.666666666666667,4.6,1.0666666666666673
981,5.666666666666667,4.133333333333334,1.5333333333333332
982,5.666666666666667,3.8666666666666667,1.8000000000000003
983,5.666666666666667,3.8,1.8666666666666671
984,5.666666666666667,3.4,2.266666666666667
985,5.666666666666667,3.933333333333333,1.7333333333333338
986,5.666666666666667,4.266666666666667,1.4000000000000004
987,5.666666666666667,5.333333333333333,0.3333333333333339
988,5.666666666666667,4.533333333333333,1.1333333333333337
989,5.666666666666667,4.333333333333333,1.333333333333334
990,5.666666666666667,4.133333333333334,1.5333333333333332
991,5.666666666666667,4.533333333333333,1.1333333333333337
992,5.666666666666667,4.866666666666666,0.8000000000000007
993,5.666666666666667,4.8,0.8666666666666671
994,5.666666666666667,3.8,1.8666666666666671
995,5.666666666666667,3.933333333333333,1.7333333333333338
996,5.666666666666667,4.133333333333334,1.5333333333333332
997,5.666666666666667,4.066666666666666,1.6000000000000005
998,5.666666666666667,5.266666666666667,0.40000000000000036
999,5.666666666666667,4.066666666666666,1.6000000000000005
